timestamp,joint,angle
10.978,elbow_L_flex,122.2
11.095,elbow_L_flex,57.3
11.232,elbow_L_flex,57.0
11.336,elbow_L_flex,57.0
11.438,elbow_L_flex,56.0
11.540,elbow_L_flex,57.0
11.642,elbow_L_flex,57.3
11.747,elbow_L_flex,57.2
11.848,elbow_L_flex,54.8
11.955,elbow_L_flex,54.5
12.063,elbow_L_flex,55.3
12.181,elbow_L_flex,54.3
12.295,elbow_L_flex,54.1
12.399,elbow_L_flex,53.7
12.500,elbow_L_flex,54.7
12.616,elbow_L_flex,54.8
12.725,elbow_L_flex,55.7
12.826,elbow_L_flex,54.6
12.928,elbow_L_flex,55.2
13.042,elbow_L_flex,56.0
13.145,elbow_L_flex,56.3
13.249,elbow_L_flex,56.4
13.354,elbow_L_flex,55.4
13.455,elbow_L_flex,55.4
13.595,elbow_L_flex,55.4
13.721,elbow_L_flex,54.0
13.820,elbow_L_flex,50.8
13.922,elbow_L_flex,50.8
14.026,elbow_L_flex,52.8
14.125,elbow_L_flex,51.6
14.217,elbow_L_flex,51.9
14.302,elbow_L_flex,51.3
14.386,elbow_L_flex,53.6
14.470,elbow_L_flex,53.5
14.556,elbow_L_flex,50.9
14.642,elbow_L_flex,49.8
14.725,elbow_L_flex,49.4
14.814,elbow_L_flex,127.1
14.898,elbow_L_flex,126.5
14.984,elbow_L_flex,121.1
15.070,elbow_L_flex,71.2
15.157,elbow_L_flex,77.0
15.240,elbow_L_flex,78.8
15.325,elbow_L_flex,79.0
15.409,elbow_L_flex,70.5
15.492,elbow_L_flex,68.7
15.576,elbow_L_flex,71.2
15.659,elbow_L_flex,68.0
15.743,elbow_L_flex,92.5
15.822,elbow_L_flex,169.2
15.917,elbow_L_flex,144.0
16.017,elbow_L_flex,155.0
16.113,elbow_L_flex,164.0
16.213,elbow_L_flex,95.4
16.316,elbow_L_flex,50.5
16.420,elbow_L_flex,22.9
16.529,elbow_L_flex,29.8
16.642,elbow_L_flex,140.4
16.749,elbow_L_flex,101.6
16.889,elbow_L_flex,13.4
17.069,elbow_L_flex,156.5
17.249,elbow_L_flex,180.0
17.348,elbow_L_flex,109.8
17.453,elbow_L_flex,160.9
17.941,elbow_L_flex,171.2
18.053,elbow_L_flex,151.4
18.158,elbow_L_flex,142.7
18.263,elbow_L_flex,155.5
18.371,elbow_L_flex,172.5
18.479,elbow_L_flex,177.4
18.583,elbow_L_flex,177.1
18.687,elbow_L_flex,38.8
18.792,elbow_L_flex,164.2
18.900,elbow_L_flex,169.3
19.008,elbow_L_flex,171.6
19.115,elbow_L_flex,172.6
19.221,elbow_L_flex,169.3
19.327,elbow_L_flex,170.8
19.434,elbow_L_flex,169.8
19.539,elbow_L_flex,169.1
19.645,elbow_L_flex,172.9
19.750,elbow_L_flex,174.3
19.858,elbow_L_flex,176.3
19.964,elbow_L_flex,176.1
20.067,elbow_L_flex,179.0
20.172,elbow_L_flex,179.4
20.276,elbow_L_flex,175.7
20.382,elbow_L_flex,179.7
20.491,elbow_L_flex,172.2
20.601,elbow_L_flex,170.7
20.709,elbow_L_flex,171.6
20.814,elbow_L_flex,173.1
20.923,elbow_L_flex,175.9
21.027,elbow_L_flex,172.5
21.134,elbow_L_flex,169.7
21.242,elbow_L_flex,145.7
21.346,elbow_L_flex,164.6
21.464,elbow_L_flex,174.2
21.572,elbow_L_flex,177.7
21.682,elbow_L_flex,177.7
21.792,elbow_L_flex,174.8
21.900,elbow_L_flex,174.0
22.005,elbow_L_flex,168.7
22.114,elbow_L_flex,167.3
22.220,elbow_L_flex,169.7
22.331,elbow_L_flex,176.3
22.441,elbow_L_flex,177.7
22.546,elbow_L_flex,176.1
22.650,elbow_L_flex,170.9
22.756,elbow_L_flex,170.8
22.865,elbow_L_flex,170.8
22.974,elbow_L_flex,123.7
23.080,elbow_L_flex,128.6
23.194,elbow_L_flex,142.7
23.305,elbow_L_flex,80.8
23.409,elbow_L_flex,45.1
23.515,elbow_L_flex,169.7
23.624,elbow_L_flex,166.8
23.733,elbow_L_flex,138.4
23.843,elbow_L_flex,156.3
23.952,elbow_L_flex,175.0
24.071,elbow_L_flex,172.6
24.178,elbow_L_flex,175.8
24.285,elbow_L_flex,175.7
24.396,elbow_L_flex,175.3
24.508,elbow_L_flex,172.7
24.618,elbow_L_flex,179.8
24.729,elbow_L_flex,178.8
24.838,elbow_L_flex,173.6
24.955,elbow_L_flex,179.8
25.059,elbow_L_flex,175.3
25.170,elbow_L_flex,175.5
25.281,elbow_L_flex,175.7
25.389,elbow_L_flex,2.1
25.498,elbow_L_flex,10.4
25.607,elbow_L_flex,3.2
25.714,elbow_L_flex,177.0
25.830,elbow_L_flex,175.1
25.937,elbow_L_flex,178.2
26.044,elbow_L_flex,1.5
26.152,elbow_L_flex,178.6
26.261,elbow_L_flex,178.2
26.367,elbow_L_flex,177.4
26.477,elbow_L_flex,7.4
26.586,elbow_L_flex,23.3
26.722,elbow_L_flex,4.2
26.827,elbow_L_flex,1.6
26.937,elbow_L_flex,1.5
27.042,elbow_L_flex,4.3
27.152,elbow_L_flex,4.6
27.259,elbow_L_flex,8.7
27.366,elbow_L_flex,0.1
27.473,elbow_L_flex,125.3
27.588,elbow_L_flex,172.6
27.696,elbow_L_flex,8.6
27.803,elbow_L_flex,13.7
27.911,elbow_L_flex,177.9
28.023,elbow_L_flex,175.5
28.137,elbow_L_flex,176.6
28.247,elbow_L_flex,175.0
28.352,elbow_L_flex,3.7
28.464,elbow_L_flex,17.8
28.574,elbow_L_flex,3.0
28.677,elbow_L_flex,179.9
28.788,elbow_L_flex,3.5
28.896,elbow_L_flex,175.3
29.005,elbow_L_flex,175.9
29.114,elbow_L_flex,167.6
29.221,elbow_L_flex,3.1
29.335,elbow_L_flex,167.8
29.446,elbow_L_flex,178.9
29.550,elbow_L_flex,179.0
29.658,elbow_L_flex,174.7
29.769,elbow_L_flex,161.6
29.874,elbow_L_flex,0.3
29.985,elbow_L_flex,1.8
30.093,elbow_L_flex,173.9
30.206,elbow_L_flex,2.3
30.316,elbow_L_flex,177.7
30.422,elbow_L_flex,7.7
30.528,elbow_L_flex,1.7
30.642,elbow_L_flex,6.8
30.749,elbow_L_flex,8.3
30.859,elbow_L_flex,138.3
30.968,elbow_L_flex,56.0
31.087,elbow_L_flex,152.8
31.199,elbow_L_flex,163.0
31.308,elbow_L_flex,167.5
31.419,elbow_L_flex,19.4
31.529,elbow_L_flex,150.7
31.637,elbow_L_flex,7.8
31.745,elbow_L_flex,7.0
31.853,elbow_L_flex,146.9
31.980,elbow_L_flex,61.9
32.085,elbow_L_flex,8.3
32.194,elbow_L_flex,142.2
32.302,elbow_L_flex,4.5
32.406,elbow_L_flex,88.7
32.516,elbow_L_flex,177.1
32.619,elbow_L_flex,171.8
32.731,elbow_L_flex,174.8
32.841,elbow_L_flex,172.3
32.956,elbow_L_flex,169.9
33.062,elbow_L_flex,173.3
33.168,elbow_L_flex,175.0
33.297,elbow_L_flex,174.7
33.423,elbow_L_flex,176.2
33.555,elbow_L_flex,178.0
33.683,elbow_L_flex,179.3
33.798,elbow_L_flex,177.9
33.923,elbow_L_flex,179.0
34.034,elbow_L_flex,178.1
34.150,elbow_L_flex,179.5
34.273,elbow_L_flex,177.9
34.388,elbow_L_flex,177.4
34.495,elbow_L_flex,176.6
34.605,elbow_L_flex,175.4
34.717,elbow_L_flex,175.8
34.839,elbow_L_flex,173.0
34.951,elbow_L_flex,177.5
35.064,elbow_L_flex,176.3
35.174,elbow_L_flex,176.4
10.978,elbow_R_flex,56.8
11.095,elbow_R_flex,55.2
11.232,elbow_R_flex,55.2
11.336,elbow_R_flex,55.1
11.438,elbow_R_flex,55.5
11.540,elbow_R_flex,54.6
11.642,elbow_R_flex,53.7
11.747,elbow_R_flex,53.7
11.848,elbow_R_flex,52.3
11.955,elbow_R_flex,52.5
12.063,elbow_R_flex,51.1
12.181,elbow_R_flex,50.1
12.295,elbow_R_flex,50.1
12.399,elbow_R_flex,52.5
12.500,elbow_R_flex,53.3
12.616,elbow_R_flex,52.8
12.725,elbow_R_flex,52.0
12.826,elbow_R_flex,48.6
12.928,elbow_R_flex,50.6
13.042,elbow_R_flex,50.1
13.145,elbow_R_flex,50.6
13.249,elbow_R_flex,49.6
13.354,elbow_R_flex,48.6
13.455,elbow_R_flex,48.4
13.595,elbow_R_flex,48.4
13.721,elbow_R_flex,49.8
13.820,elbow_R_flex,51.0
13.922,elbow_R_flex,51.1
14.026,elbow_R_flex,53.8
14.125,elbow_R_flex,50.8
14.217,elbow_R_flex,49.3
14.302,elbow_R_flex,49.4
14.386,elbow_R_flex,48.7
14.470,elbow_R_flex,49.0
14.556,elbow_R_flex,48.5
14.642,elbow_R_flex,48.3
14.725,elbow_R_flex,49.4
14.814,elbow_R_flex,52.6
14.898,elbow_R_flex,52.5
14.984,elbow_R_flex,118.0
15.070,elbow_R_flex,107.6
15.157,elbow_R_flex,81.7
15.240,elbow_R_flex,76.9
15.325,elbow_R_flex,71.8
15.409,elbow_R_flex,83.7
15.492,elbow_R_flex,88.4
15.576,elbow_R_flex,78.4
15.659,elbow_R_flex,101.0
15.743,elbow_R_flex,96.8
15.822,elbow_R_flex,173.4
15.917,elbow_R_flex,136.8
16.017,elbow_R_flex,151.4
16.113,elbow_R_flex,153.9
16.213,elbow_R_flex,87.3
16.316,elbow_R_flex,18.9
16.420,elbow_R_flex,37.7
16.529,elbow_R_flex,41.8
16.642,elbow_R_flex,148.4
16.749,elbow_R_flex,101.8
16.889,elbow_R_flex,165.5
17.069,elbow_R_flex,44.8
17.249,elbow_R_flex,21.8
17.348,elbow_R_flex,121.3
17.453,elbow_R_flex,138.9
17.941,elbow_R_flex,172.5
18.053,elbow_R_flex,161.4
18.158,elbow_R_flex,171.2
18.263,elbow_R_flex,172.3
18.371,elbow_R_flex,172.6
18.479,elbow_R_flex,173.6
18.583,elbow_R_flex,173.8
18.687,elbow_R_flex,175.5
18.792,elbow_R_flex,177.3
18.900,elbow_R_flex,178.4
19.008,elbow_R_flex,178.9
19.115,elbow_R_flex,179.9
19.221,elbow_R_flex,178.6
19.327,elbow_R_flex,178.6
19.434,elbow_R_flex,179.3
19.539,elbow_R_flex,179.8
19.645,elbow_R_flex,178.6
19.750,elbow_R_flex,178.4
19.858,elbow_R_flex,179.0
19.964,elbow_R_flex,178.4
20.067,elbow_R_flex,176.7
20.172,elbow_R_flex,176.3
20.276,elbow_R_flex,171.0
20.382,elbow_R_flex,46.1
20.491,elbow_R_flex,70.6
20.601,elbow_R_flex,72.1
20.709,elbow_R_flex,54.6
20.814,elbow_R_flex,39.4
20.923,elbow_R_flex,7.2
21.027,elbow_R_flex,15.9
21.134,elbow_R_flex,29.3
21.242,elbow_R_flex,24.3
21.346,elbow_R_flex,16.4
21.464,elbow_R_flex,49.6
21.572,elbow_R_flex,39.8
21.682,elbow_R_flex,65.1
21.792,elbow_R_flex,42.3
21.900,elbow_R_flex,76.1
22.005,elbow_R_flex,59.6
22.114,elbow_R_flex,57.6
22.220,elbow_R_flex,52.5
22.331,elbow_R_flex,65.3
22.441,elbow_R_flex,76.4
22.546,elbow_R_flex,95.1
22.650,elbow_R_flex,97.6
22.756,elbow_R_flex,79.5
22.865,elbow_R_flex,51.2
22.974,elbow_R_flex,33.4
23.080,elbow_R_flex,20.1
23.194,elbow_R_flex,10.8
23.305,elbow_R_flex,7.3
23.409,elbow_R_flex,3.0
23.515,elbow_R_flex,158.9
23.624,elbow_R_flex,170.2
23.733,elbow_R_flex,171.2
23.843,elbow_R_flex,174.7
23.952,elbow_R_flex,175.5
24.071,elbow_R_flex,176.7
24.178,elbow_R_flex,175.3
24.285,elbow_R_flex,177.3
24.396,elbow_R_flex,179.1
24.508,elbow_R_flex,178.3
24.618,elbow_R_flex,177.4
24.729,elbow_R_flex,175.3
24.838,elbow_R_flex,165.4
24.955,elbow_R_flex,172.1
25.059,elbow_R_flex,153.5
25.170,elbow_R_flex,50.8
25.281,elbow_R_flex,39.7
25.389,elbow_R_flex,40.4
25.498,elbow_R_flex,45.2
25.607,elbow_R_flex,33.8
25.714,elbow_R_flex,36.8
25.830,elbow_R_flex,33.9
25.937,elbow_R_flex,32.1
26.044,elbow_R_flex,34.7
26.152,elbow_R_flex,35.5
26.261,elbow_R_flex,34.5
26.367,elbow_R_flex,35.1
26.477,elbow_R_flex,31.5
26.586,elbow_R_flex,31.1
26.722,elbow_R_flex,31.9
26.827,elbow_R_flex,35.3
26.937,elbow_R_flex,33.2
27.042,elbow_R_flex,34.9
27.152,elbow_R_flex,32.3
27.259,elbow_R_flex,29.2
27.366,elbow_R_flex,30.7
27.473,elbow_R_flex,34.7
27.588,elbow_R_flex,37.2
27.696,elbow_R_flex,38.4
27.803,elbow_R_flex,46.1
27.911,elbow_R_flex,46.4
28.023,elbow_R_flex,43.7
28.137,elbow_R_flex,42.8
28.247,elbow_R_flex,36.7
28.352,elbow_R_flex,33.2
28.464,elbow_R_flex,34.2
28.574,elbow_R_flex,34.8
28.677,elbow_R_flex,35.1
28.788,elbow_R_flex,34.8
28.896,elbow_R_flex,32.9
29.005,elbow_R_flex,28.8
29.114,elbow_R_flex,28.3
29.221,elbow_R_flex,30.2
29.335,elbow_R_flex,32.6
29.446,elbow_R_flex,33.8
29.550,elbow_R_flex,33.5
29.658,elbow_R_flex,32.8
29.769,elbow_R_flex,31.0
29.874,elbow_R_flex,29.6
29.985,elbow_R_flex,32.1
30.093,elbow_R_flex,36.0
30.206,elbow_R_flex,55.5
30.316,elbow_R_flex,48.9
30.422,elbow_R_flex,35.8
30.528,elbow_R_flex,57.9
30.642,elbow_R_flex,48.1
30.749,elbow_R_flex,46.3
30.859,elbow_R_flex,44.9
30.968,elbow_R_flex,49.7
31.087,elbow_R_flex,59.0
31.199,elbow_R_flex,58.6
31.308,elbow_R_flex,56.3
31.419,elbow_R_flex,49.3
31.529,elbow_R_flex,49.5
31.637,elbow_R_flex,47.4
31.745,elbow_R_flex,49.4
31.853,elbow_R_flex,49.8
31.980,elbow_R_flex,50.4
32.085,elbow_R_flex,91.9
32.194,elbow_R_flex,93.3
32.302,elbow_R_flex,66.5
32.406,elbow_R_flex,42.0
32.516,elbow_R_flex,36.5
32.619,elbow_R_flex,172.9
32.731,elbow_R_flex,158.7
32.841,elbow_R_flex,158.9
32.956,elbow_R_flex,160.8
33.062,elbow_R_flex,168.2
33.168,elbow_R_flex,165.7
33.297,elbow_R_flex,175.3
33.423,elbow_R_flex,174.6
33.555,elbow_R_flex,176.9
33.683,elbow_R_flex,179.9
33.798,elbow_R_flex,177.2
33.923,elbow_R_flex,174.8
34.034,elbow_R_flex,169.6
34.150,elbow_R_flex,168.2
34.273,elbow_R_flex,176.0
34.388,elbow_R_flex,172.5
34.495,elbow_R_flex,169.4
34.605,elbow_R_flex,168.9
34.717,elbow_R_flex,171.0
34.839,elbow_R_flex,167.4
34.951,elbow_R_flex,170.2
35.064,elbow_R_flex,167.7
35.174,elbow_R_flex,170.0
10.978,hip_L_flex,54.5
11.095,hip_L_flex,52.9
11.232,hip_L_flex,52.4
11.336,hip_L_flex,52.5
11.438,hip_L_flex,51.5
11.540,hip_L_flex,50.8
11.642,hip_L_flex,131.1
11.747,hip_L_flex,131.0
11.848,hip_L_flex,133.0
11.955,hip_L_flex,133.0
12.063,hip_L_flex,133.1
12.181,hip_L_flex,47.2
12.295,hip_L_flex,46.9
12.399,hip_L_flex,135.5
12.500,hip_L_flex,136.7
12.616,hip_L_flex,136.7
12.725,hip_L_flex,137.3
12.826,hip_L_flex,136.9
12.928,hip_L_flex,135.4
13.042,hip_L_flex,134.4
13.145,hip_L_flex,134.7
13.249,hip_L_flex,46.2
13.354,hip_L_flex,45.9
13.455,hip_L_flex,47.2
13.595,hip_L_flex,47.6
13.721,hip_L_flex,48.8
13.820,hip_L_flex,46.9
13.922,hip_L_flex,46.7
14.026,hip_L_flex,47.6
14.125,hip_L_flex,133.1
14.217,hip_L_flex,44.9
14.302,hip_L_flex,136.5
14.386,hip_L_flex,136.5
14.470,hip_L_flex,138.2
14.556,hip_L_flex,140.1
14.642,hip_L_flex,140.6
14.725,hip_L_flex,139.4
14.814,hip_L_flex,133.9
14.898,hip_L_flex,130.2
14.984,hip_L_flex,127.9
15.070,hip_L_flex,127.2
15.157,hip_L_flex,127.4
15.240,hip_L_flex,128.1
15.325,hip_L_flex,134.6
15.409,hip_L_flex,48.8
15.492,hip_L_flex,57.8
15.576,hip_L_flex,66.7
15.659,hip_L_flex,110.7
15.743,hip_L_flex,108.3
15.822,hip_L_flex,108.3
15.917,hip_L_flex,106.5
16.017,hip_L_flex,103.9
16.113,hip_L_flex,101.8
16.213,hip_L_flex,81.1
16.316,hip_L_flex,82.3
16.420,hip_L_flex,81.3
16.529,hip_L_flex,80.1
16.642,hip_L_flex,78.6
16.749,hip_L_flex,105.1
16.889,hip_L_flex,106.1
17.069,hip_L_flex,131.7
17.249,hip_L_flex,155.3
17.348,hip_L_flex,180.0
17.453,hip_L_flex,144.0
17.941,hip_L_flex,97.8
18.053,hip_L_flex,173.6
18.158,hip_L_flex,169.6
18.263,hip_L_flex,170.3
18.371,hip_L_flex,169.6
18.479,hip_L_flex,169.4
18.583,hip_L_flex,169.1
18.687,hip_L_flex,165.5
18.792,hip_L_flex,164.9
18.900,hip_L_flex,167.5
19.008,hip_L_flex,168.8
19.115,hip_L_flex,167.0
19.221,hip_L_flex,168.4
19.327,hip_L_flex,165.3
19.434,hip_L_flex,167.1
19.539,hip_L_flex,166.6
19.645,hip_L_flex,167.1
19.750,hip_L_flex,166.2
19.858,hip_L_flex,164.4
19.964,hip_L_flex,163.9
20.067,hip_L_flex,164.1
20.172,hip_L_flex,163.3
20.276,hip_L_flex,161.2
20.382,hip_L_flex,157.0
20.491,hip_L_flex,155.9
20.601,hip_L_flex,159.6
20.709,hip_L_flex,161.9
20.814,hip_L_flex,164.3
20.923,hip_L_flex,165.9
21.027,hip_L_flex,166.6
21.134,hip_L_flex,167.2
21.242,hip_L_flex,167.8
21.346,hip_L_flex,167.8
21.464,hip_L_flex,167.4
21.572,hip_L_flex,167.4
21.682,hip_L_flex,166.8
21.792,hip_L_flex,166.6
21.900,hip_L_flex,165.2
22.005,hip_L_flex,164.8
22.114,hip_L_flex,165.3
22.220,hip_L_flex,166.6
22.331,hip_L_flex,166.0
22.441,hip_L_flex,163.4
22.546,hip_L_flex,164.0
22.650,hip_L_flex,166.7
22.756,hip_L_flex,166.6
22.865,hip_L_flex,167.8
22.974,hip_L_flex,167.5
23.080,hip_L_flex,167.5
23.194,hip_L_flex,169.2
23.305,hip_L_flex,165.4
23.409,hip_L_flex,166.5
23.515,hip_L_flex,162.3
23.624,hip_L_flex,159.5
23.733,hip_L_flex,159.7
23.843,hip_L_flex,165.5
23.952,hip_L_flex,161.7
24.071,hip_L_flex,159.3
24.178,hip_L_flex,155.8
24.285,hip_L_flex,154.7
24.396,hip_L_flex,144.1
24.508,hip_L_flex,145.8
24.618,hip_L_flex,125.4
24.729,hip_L_flex,81.2
24.838,hip_L_flex,80.4
24.955,hip_L_flex,97.9
25.059,hip_L_flex,80.4
25.170,hip_L_flex,80.1
25.281,hip_L_flex,81.4
25.389,hip_L_flex,80.6
25.498,hip_L_flex,81.0
25.607,hip_L_flex,81.0
25.714,hip_L_flex,81.8
25.830,hip_L_flex,80.5
25.937,hip_L_flex,80.6
26.044,hip_L_flex,81.3
26.152,hip_L_flex,82.9
26.261,hip_L_flex,83.0
26.367,hip_L_flex,83.2
26.477,hip_L_flex,82.3
26.586,hip_L_flex,80.5
26.722,hip_L_flex,80.9
26.827,hip_L_flex,80.9
26.937,hip_L_flex,80.9
27.042,hip_L_flex,79.1
27.152,hip_L_flex,79.8
27.259,hip_L_flex,79.8
27.366,hip_L_flex,80.2
27.473,hip_L_flex,80.5
27.588,hip_L_flex,81.1
27.696,hip_L_flex,81.4
27.803,hip_L_flex,82.0
27.911,hip_L_flex,81.6
28.023,hip_L_flex,81.7
28.137,hip_L_flex,81.5
28.247,hip_L_flex,81.3
28.352,hip_L_flex,81.3
28.464,hip_L_flex,98.3
28.574,hip_L_flex,81.2
28.677,hip_L_flex,81.0
28.788,hip_L_flex,80.4
28.896,hip_L_flex,80.4
29.005,hip_L_flex,80.6
29.114,hip_L_flex,80.4
29.221,hip_L_flex,80.1
29.335,hip_L_flex,99.6
29.446,hip_L_flex,80.4
29.550,hip_L_flex,79.3
29.658,hip_L_flex,79.8
29.769,hip_L_flex,79.7
29.874,hip_L_flex,100.7
29.985,hip_L_flex,100.4
30.093,hip_L_flex,79.9
30.206,hip_L_flex,99.7
30.316,hip_L_flex,96.9
30.422,hip_L_flex,98.5
30.528,hip_L_flex,82.4
30.642,hip_L_flex,81.7
30.749,hip_L_flex,81.5
30.859,hip_L_flex,81.6
30.968,hip_L_flex,81.6
31.087,hip_L_flex,83.1
31.199,hip_L_flex,82.9
31.308,hip_L_flex,83.6
31.419,hip_L_flex,83.3
31.529,hip_L_flex,83.4
31.637,hip_L_flex,83.4
31.745,hip_L_flex,83.4
31.853,hip_L_flex,83.7
31.980,hip_L_flex,94.8
32.085,hip_L_flex,95.6
32.194,hip_L_flex,82.5
32.302,hip_L_flex,81.8
32.406,hip_L_flex,84.2
32.516,hip_L_flex,85.8
32.619,hip_L_flex,85.1
32.731,hip_L_flex,85.2
32.841,hip_L_flex,85.1
32.956,hip_L_flex,84.9
33.062,hip_L_flex,84.7
33.168,hip_L_flex,85.4
33.297,hip_L_flex,84.8
33.423,hip_L_flex,84.9
33.555,hip_L_flex,84.5
33.683,hip_L_flex,86.2
33.798,hip_L_flex,108.8
33.923,hip_L_flex,159.0
34.034,hip_L_flex,169.5
34.150,hip_L_flex,175.2
34.273,hip_L_flex,155.4
34.388,hip_L_flex,150.9
34.495,hip_L_flex,84.1
34.605,hip_L_flex,114.8
34.717,hip_L_flex,137.4
34.839,hip_L_flex,151.7
34.951,hip_L_flex,179.9
35.064,hip_L_flex,169.0
35.174,hip_L_flex,171.4
10.978,hip_R_flex,51.7
11.095,hip_R_flex,50.8
11.232,hip_R_flex,50.0
11.336,hip_R_flex,50.2
11.438,hip_R_flex,48.5
11.540,hip_R_flex,49.3
11.642,hip_R_flex,48.4
11.747,hip_R_flex,48.4
11.848,hip_R_flex,45.4
11.955,hip_R_flex,46.3
12.063,hip_R_flex,46.4
12.181,hip_R_flex,45.7
12.295,hip_R_flex,45.4
12.399,hip_R_flex,45.5
12.500,hip_R_flex,47.5
12.616,hip_R_flex,47.9
12.725,hip_R_flex,47.9
12.826,hip_R_flex,46.3
12.928,hip_R_flex,47.5
13.042,hip_R_flex,48.4
13.145,hip_R_flex,49.7
13.249,hip_R_flex,48.9
13.354,hip_R_flex,47.9
13.455,hip_R_flex,47.5
13.595,hip_R_flex,46.7
13.721,hip_R_flex,43.5
13.820,hip_R_flex,41.7
13.922,hip_R_flex,42.3
14.026,hip_R_flex,43.4
14.125,hip_R_flex,43.6
14.217,hip_R_flex,42.2
14.302,hip_R_flex,42.7
14.386,hip_R_flex,43.1
14.470,hip_R_flex,41.8
14.556,hip_R_flex,40.0
14.642,hip_R_flex,38.5
14.725,hip_R_flex,40.8
14.814,hip_R_flex,46.4
14.898,hip_R_flex,48.3
14.984,hip_R_flex,51.5
15.070,hip_R_flex,56.1
15.157,hip_R_flex,60.4
15.240,hip_R_flex,59.1
15.325,hip_R_flex,55.0
15.409,hip_R_flex,52.0
15.492,hip_R_flex,59.1
15.576,hip_R_flex,67.0
15.659,hip_R_flex,75.6
15.743,hip_R_flex,80.3
15.822,hip_R_flex,82.2
15.917,hip_R_flex,81.5
16.017,hip_R_flex,79.2
16.113,hip_R_flex,81.1
16.213,hip_R_flex,80.3
16.316,hip_R_flex,101.8
16.420,hip_R_flex,100.9
16.529,hip_R_flex,104.0
16.642,hip_R_flex,107.3
16.749,hip_R_flex,71.3
16.889,hip_R_flex,67.6
17.069,hip_R_flex,55.1
17.249,hip_R_flex,24.9
17.348,hip_R_flex,0.0
17.453,hip_R_flex,48.8
17.941,hip_R_flex,40.2
18.053,hip_R_flex,170.8
18.158,hip_R_flex,170.0
18.263,hip_R_flex,173.0
18.371,hip_R_flex,173.2
18.479,hip_R_flex,174.0
18.583,hip_R_flex,173.9
18.687,hip_R_flex,173.1
18.792,hip_R_flex,175.3
18.900,hip_R_flex,175.5
19.008,hip_R_flex,176.7
19.115,hip_R_flex,178.1
19.221,hip_R_flex,175.8
19.327,hip_R_flex,179.6
19.434,hip_R_flex,178.2
19.539,hip_R_flex,176.4
19.645,hip_R_flex,174.6
19.750,hip_R_flex,174.9
19.858,hip_R_flex,179.6
19.964,hip_R_flex,177.9
20.067,hip_R_flex,174.9
20.172,hip_R_flex,177.6
20.276,hip_R_flex,176.4
20.382,hip_R_flex,172.9
20.491,hip_R_flex,170.1
20.601,hip_R_flex,172.2
20.709,hip_R_flex,175.3
20.814,hip_R_flex,175.7
20.923,hip_R_flex,174.2
21.027,hip_R_flex,174.0
21.134,hip_R_flex,174.0
21.242,hip_R_flex,173.4
21.346,hip_R_flex,173.5
21.464,hip_R_flex,174.4
21.572,hip_R_flex,175.5
21.682,hip_R_flex,175.2
21.792,hip_R_flex,176.1
21.900,hip_R_flex,176.9
22.005,hip_R_flex,178.3
22.114,hip_R_flex,178.7
22.220,hip_R_flex,178.4
22.331,hip_R_flex,179.3
22.441,hip_R_flex,178.1
22.546,hip_R_flex,178.3
22.650,hip_R_flex,179.1
22.756,hip_R_flex,179.1
22.865,hip_R_flex,178.0
22.974,hip_R_flex,174.9
23.080,hip_R_flex,178.0
23.194,hip_R_flex,178.0
23.305,hip_R_flex,177.9
23.409,hip_R_flex,179.0
23.515,hip_R_flex,176.6
23.624,hip_R_flex,178.1
23.733,hip_R_flex,179.0
23.843,hip_R_flex,176.1
23.952,hip_R_flex,177.1
24.071,hip_R_flex,179.9
24.178,hip_R_flex,176.6
24.285,hip_R_flex,179.4
24.396,hip_R_flex,100.0
24.508,hip_R_flex,100.4
24.618,hip_R_flex,100.6
24.729,hip_R_flex,79.5
24.838,hip_R_flex,80.3
24.955,hip_R_flex,80.5
25.059,hip_R_flex,82.2
25.170,hip_R_flex,82.5
25.281,hip_R_flex,81.9
25.389,hip_R_flex,80.2
25.498,hip_R_flex,80.2
25.607,hip_R_flex,79.5
25.714,hip_R_flex,79.8
25.830,hip_R_flex,79.5
25.937,hip_R_flex,78.6
26.044,hip_R_flex,79.0
26.152,hip_R_flex,78.6
26.261,hip_R_flex,78.8
26.367,hip_R_flex,78.0
26.477,hip_R_flex,77.5
26.586,hip_R_flex,78.3
26.722,hip_R_flex,78.5
26.827,hip_R_flex,79.0
26.937,hip_R_flex,78.8
27.042,hip_R_flex,78.4
27.152,hip_R_flex,78.6
27.259,hip_R_flex,79.3
27.366,hip_R_flex,79.8
27.473,hip_R_flex,80.4
27.588,hip_R_flex,80.5
27.696,hip_R_flex,80.6
27.803,hip_R_flex,81.6
27.911,hip_R_flex,81.0
28.023,hip_R_flex,80.5
28.137,hip_R_flex,80.4
28.247,hip_R_flex,80.3
28.352,hip_R_flex,80.4
28.464,hip_R_flex,79.5
28.574,hip_R_flex,79.7
28.677,hip_R_flex,78.8
28.788,hip_R_flex,78.4
28.896,hip_R_flex,77.7
29.005,hip_R_flex,78.2
29.114,hip_R_flex,78.0
29.221,hip_R_flex,77.7
29.335,hip_R_flex,77.3
29.446,hip_R_flex,77.7
29.550,hip_R_flex,77.7
29.658,hip_R_flex,78.4
29.769,hip_R_flex,77.6
29.874,hip_R_flex,79.3
29.985,hip_R_flex,79.1
30.093,hip_R_flex,79.2
30.206,hip_R_flex,80.1
30.316,hip_R_flex,80.0
30.422,hip_R_flex,79.9
30.528,hip_R_flex,102.7
30.642,hip_R_flex,103.0
30.749,hip_R_flex,77.0
30.859,hip_R_flex,76.7
30.968,hip_R_flex,76.4
31.087,hip_R_flex,76.1
31.199,hip_R_flex,76.7
31.308,hip_R_flex,76.4
31.419,hip_R_flex,77.5
31.529,hip_R_flex,76.5
31.637,hip_R_flex,75.9
31.745,hip_R_flex,75.9
31.853,hip_R_flex,77.7
31.980,hip_R_flex,78.4
32.085,hip_R_flex,76.7
32.194,hip_R_flex,78.7
32.302,hip_R_flex,77.8
32.406,hip_R_flex,76.7
32.516,hip_R_flex,76.4
32.619,hip_R_flex,77.2
32.731,hip_R_flex,102.9
32.841,hip_R_flex,102.9
32.956,hip_R_flex,102.9
33.062,hip_R_flex,102.9
33.168,hip_R_flex,102.3
33.297,hip_R_flex,102.0
33.423,hip_R_flex,101.6
33.555,hip_R_flex,101.3
33.683,hip_R_flex,100.5
33.798,hip_R_flex,101.6
33.923,hip_R_flex,132.1
34.034,hip_R_flex,100.8
34.150,hip_R_flex,100.9
34.273,hip_R_flex,100.8
34.388,hip_R_flex,144.3
34.495,hip_R_flex,148.8
34.605,hip_R_flex,134.4
34.717,hip_R_flex,130.7
34.839,hip_R_flex,146.8
34.951,hip_R_flex,109.5
35.064,hip_R_flex,116.4
35.174,hip_R_flex,121.2
10.978,knee_L_flex,180.0
11.095,knee_L_flex,180.0
11.232,knee_L_flex,180.0
11.336,knee_L_flex,180.0
11.438,knee_L_flex,180.0
11.540,knee_L_flex,0.0
11.642,knee_L_flex,180.0
11.747,knee_L_flex,0.0
11.848,knee_L_flex,180.0
11.955,knee_L_flex,180.0
12.063,knee_L_flex,180.0
12.181,knee_L_flex,0.0
12.295,knee_L_flex,0.0
12.399,knee_L_flex,180.0
12.500,knee_L_flex,180.0
12.616,knee_L_flex,180.0
12.725,knee_L_flex,180.0
12.826,knee_L_flex,180.0
12.928,knee_L_flex,180.0
13.042,knee_L_flex,180.0
13.145,knee_L_flex,180.0
13.249,knee_L_flex,180.0
13.354,knee_L_flex,180.0
13.455,knee_L_flex,0.0
13.595,knee_L_flex,180.0
13.721,knee_L_flex,0.0
13.820,knee_L_flex,0.0
13.922,knee_L_flex,180.0
14.026,knee_L_flex,180.0
14.125,knee_L_flex,180.0
14.217,knee_L_flex,180.0
14.302,knee_L_flex,180.0
14.386,knee_L_flex,180.0
14.470,knee_L_flex,180.0
14.556,knee_L_flex,180.0
14.642,knee_L_flex,180.0
14.725,knee_L_flex,180.0
14.814,knee_L_flex,180.0
14.898,knee_L_flex,180.0
14.984,knee_L_flex,180.0
15.070,knee_L_flex,180.0
15.157,knee_L_flex,180.0
15.240,knee_L_flex,180.0
15.325,knee_L_flex,180.0
15.409,knee_L_flex,0.0
15.492,knee_L_flex,180.0
15.576,knee_L_flex,180.0
15.659,knee_L_flex,180.0
15.743,knee_L_flex,180.0
15.822,knee_L_flex,180.0
15.917,knee_L_flex,180.0
16.017,knee_L_flex,180.0
16.113,knee_L_flex,0.0
16.213,knee_L_flex,180.0
16.316,knee_L_flex,180.0
16.420,knee_L_flex,180.0
16.529,knee_L_flex,180.0
16.642,knee_L_flex,180.0
16.749,knee_L_flex,180.0
16.889,knee_L_flex,180.0
17.069,knee_L_flex,180.0
17.249,knee_L_flex,0.0
17.348,knee_L_flex,0.0
17.453,knee_L_flex,0.0
17.941,knee_L_flex,74.3
18.053,knee_L_flex,169.8
18.158,knee_L_flex,171.9
18.263,knee_L_flex,94.2
18.371,knee_L_flex,95.8
18.479,knee_L_flex,96.1
18.583,knee_L_flex,96.5
18.687,knee_L_flex,99.7
18.792,knee_L_flex,100.7
18.900,knee_L_flex,98.6
19.008,knee_L_flex,96.8
19.115,knee_L_flex,97.9
19.221,knee_L_flex,96.4
19.327,knee_L_flex,99.6
19.434,knee_L_flex,97.8
19.539,knee_L_flex,98.2
19.645,knee_L_flex,82.5
19.750,knee_L_flex,81.6
19.858,knee_L_flex,100.6
19.964,knee_L_flex,101.1
20.067,knee_L_flex,100.8
20.172,knee_L_flex,101.8
20.276,knee_L_flex,103.9
20.382,knee_L_flex,108.1
20.491,knee_L_flex,108.8
20.601,knee_L_flex,104.8
20.709,knee_L_flex,103.3
20.814,knee_L_flex,100.7
20.923,knee_L_flex,99.2
21.027,knee_L_flex,98.8
21.134,knee_L_flex,98.3
21.242,knee_L_flex,97.8
21.346,knee_L_flex,97.7
21.464,knee_L_flex,98.1
21.572,knee_L_flex,98.3
21.682,knee_L_flex,98.7
21.792,knee_L_flex,99.0
21.900,knee_L_flex,100.5
22.005,knee_L_flex,100.9
22.114,knee_L_flex,100.4
22.220,knee_L_flex,99.1
22.331,knee_L_flex,99.8
22.441,knee_L_flex,102.1
22.546,knee_L_flex,101.3
22.650,knee_L_flex,98.9
22.756,knee_L_flex,99.1
22.865,knee_L_flex,97.6
22.974,knee_L_flex,97.9
23.080,knee_L_flex,98.4
23.194,knee_L_flex,97.6
23.305,knee_L_flex,101.5
23.409,knee_L_flex,100.8
23.515,knee_L_flex,105.8
23.624,knee_L_flex,109.1
23.733,knee_L_flex,108.7
23.843,knee_L_flex,102.2
23.952,knee_L_flex,105.2
24.071,knee_L_flex,107.0
24.178,knee_L_flex,109.3
24.285,knee_L_flex,109.2
24.396,knee_L_flex,118.6
24.508,knee_L_flex,117.3
24.618,knee_L_flex,138.0
24.729,knee_L_flex,180.0
24.838,knee_L_flex,180.0
24.955,knee_L_flex,0.0
25.059,knee_L_flex,0.0
25.170,knee_L_flex,180.0
25.281,knee_L_flex,180.0
25.389,knee_L_flex,180.0
25.498,knee_L_flex,0.0
25.607,knee_L_flex,0.0
25.714,knee_L_flex,0.0
25.830,knee_L_flex,180.0
25.937,knee_L_flex,0.0
26.044,knee_L_flex,180.0
26.152,knee_L_flex,0.0
26.261,knee_L_flex,0.0
26.367,knee_L_flex,0.0
26.477,knee_L_flex,180.0
26.586,knee_L_flex,180.0
26.722,knee_L_flex,180.0
26.827,knee_L_flex,180.0
26.937,knee_L_flex,180.0
27.042,knee_L_flex,180.0
27.152,knee_L_flex,180.0
27.259,knee_L_flex,180.0
27.366,knee_L_flex,180.0
27.473,knee_L_flex,180.0
27.588,knee_L_flex,180.0
27.696,knee_L_flex,180.0
27.803,knee_L_flex,0.0
27.911,knee_L_flex,0.0
28.023,knee_L_flex,180.0
28.137,knee_L_flex,180.0
28.247,knee_L_flex,0.0
28.352,knee_L_flex,0.0
28.464,knee_L_flex,180.0
28.574,knee_L_flex,0.0
28.677,knee_L_flex,180.0
28.788,knee_L_flex,180.0
28.896,knee_L_flex,180.0
29.005,knee_L_flex,180.0
29.114,knee_L_flex,180.0
29.221,knee_L_flex,180.0
29.335,knee_L_flex,0.0
29.446,knee_L_flex,180.0
29.550,knee_L_flex,180.0
29.658,knee_L_flex,180.0
29.769,knee_L_flex,180.0
29.874,knee_L_flex,180.0
29.985,knee_L_flex,0.0
30.093,knee_L_flex,180.0
30.206,knee_L_flex,180.0
30.316,knee_L_flex,0.0
30.422,knee_L_flex,180.0
30.528,knee_L_flex,180.0
30.642,knee_L_flex,0.0
30.749,knee_L_flex,180.0
30.859,knee_L_flex,180.0
30.968,knee_L_flex,180.0
31.087,knee_L_flex,180.0
31.199,knee_L_flex,0.0
31.308,knee_L_flex,180.0
31.419,knee_L_flex,0.0
31.529,knee_L_flex,0.0
31.637,knee_L_flex,0.0
31.745,knee_L_flex,0.0
31.853,knee_L_flex,0.0
31.980,knee_L_flex,180.0
32.085,knee_L_flex,0.0
32.194,knee_L_flex,0.0
32.302,knee_L_flex,180.0
32.406,knee_L_flex,180.0
32.516,knee_L_flex,180.0
32.619,knee_L_flex,180.0
32.731,knee_L_flex,180.0
32.841,knee_L_flex,180.0
32.956,knee_L_flex,180.0
33.062,knee_L_flex,180.0
33.168,knee_L_flex,180.0
33.297,knee_L_flex,180.0
33.423,knee_L_flex,180.0
33.555,knee_L_flex,180.0
33.683,knee_L_flex,178.6
33.798,knee_L_flex,156.0
33.923,knee_L_flex,106.6
34.034,knee_L_flex,95.0
34.150,knee_L_flex,88.8
34.273,knee_L_flex,108.8
34.388,knee_L_flex,113.1
34.495,knee_L_flex,180.0
34.605,knee_L_flex,149.3
34.717,knee_L_flex,126.9
34.839,knee_L_flex,112.4
34.951,knee_L_flex,84.1
35.064,knee_L_flex,73.9
35.174,knee_L_flex,76.4
10.978,knee_R_flex,180.0
11.095,knee_R_flex,180.0
11.232,knee_R_flex,180.0
11.336,knee_R_flex,180.0
11.438,knee_R_flex,180.0
11.540,knee_R_flex,180.0
11.642,knee_R_flex,180.0
11.747,knee_R_flex,180.0
11.848,knee_R_flex,180.0
11.955,knee_R_flex,180.0
12.063,knee_R_flex,180.0
12.181,knee_R_flex,180.0
12.295,knee_R_flex,180.0
12.399,knee_R_flex,180.0
12.500,knee_R_flex,180.0
12.616,knee_R_flex,180.0
12.725,knee_R_flex,180.0
12.826,knee_R_flex,180.0
12.928,knee_R_flex,180.0
13.042,knee_R_flex,180.0
13.145,knee_R_flex,180.0
13.249,knee_R_flex,180.0
13.354,knee_R_flex,180.0
13.455,knee_R_flex,180.0
13.595,knee_R_flex,180.0
13.721,knee_R_flex,180.0
13.820,knee_R_flex,180.0
13.922,knee_R_flex,180.0
14.026,knee_R_flex,180.0
14.125,knee_R_flex,180.0
14.217,knee_R_flex,180.0
14.302,knee_R_flex,180.0
14.386,knee_R_flex,180.0
14.470,knee_R_flex,180.0
14.556,knee_R_flex,180.0
14.642,knee_R_flex,180.0
14.725,knee_R_flex,180.0
14.814,knee_R_flex,180.0
14.898,knee_R_flex,180.0
14.984,knee_R_flex,180.0
15.070,knee_R_flex,180.0
15.157,knee_R_flex,180.0
15.240,knee_R_flex,180.0
15.325,knee_R_flex,180.0
15.409,knee_R_flex,180.0
15.492,knee_R_flex,0.0
15.576,knee_R_flex,0.0
15.659,knee_R_flex,180.0
15.743,knee_R_flex,180.0
15.822,knee_R_flex,180.0
15.917,knee_R_flex,180.0
16.017,knee_R_flex,180.0
16.113,knee_R_flex,180.0
16.213,knee_R_flex,180.0
16.316,knee_R_flex,0.0
16.420,knee_R_flex,0.0
16.529,knee_R_flex,0.0
16.642,knee_R_flex,0.0
16.749,knee_R_flex,180.0
16.889,knee_R_flex,180.0
17.069,knee_R_flex,180.0
17.249,knee_R_flex,180.0
17.348,knee_R_flex,180.0
17.453,knee_R_flex,0.0
17.941,knee_R_flex,11.6
18.053,knee_R_flex,178.9
18.158,knee_R_flex,160.7
18.263,knee_R_flex,91.2
18.371,knee_R_flex,91.9
18.479,knee_R_flex,92.6
18.583,knee_R_flex,92.7
18.687,knee_R_flex,92.3
18.792,knee_R_flex,94.6
18.900,knee_R_flex,95.0
19.008,knee_R_flex,95.1
19.115,knee_R_flex,95.6
19.221,knee_R_flex,93.0
19.327,knee_R_flex,97.0
19.434,knee_R_flex,95.8
19.539,knee_R_flex,94.2
19.645,knee_R_flex,91.9
19.750,knee_R_flex,92.2
19.858,knee_R_flex,97.5
19.964,knee_R_flex,96.0
20.067,knee_R_flex,92.7
20.172,knee_R_flex,95.4
20.276,knee_R_flex,101.5
20.382,knee_R_flex,105.1
20.491,knee_R_flex,72.7
20.601,knee_R_flex,75.1
20.709,knee_R_flex,102.2
20.814,knee_R_flex,93.0
20.923,knee_R_flex,91.7
21.027,knee_R_flex,91.9
21.134,knee_R_flex,91.9
21.242,knee_R_flex,91.5
21.346,knee_R_flex,91.3
21.464,knee_R_flex,92.3
21.572,knee_R_flex,93.4
21.682,knee_R_flex,92.9
21.792,knee_R_flex,94.0
21.900,knee_R_flex,94.8
22.005,knee_R_flex,96.0
22.114,knee_R_flex,96.5
22.220,knee_R_flex,95.9
22.331,knee_R_flex,96.9
22.441,knee_R_flex,99.2
22.546,knee_R_flex,98.6
22.650,knee_R_flex,98.4
22.756,knee_R_flex,98.1
22.865,knee_R_flex,84.4
22.974,knee_R_flex,93.0
23.080,knee_R_flex,97.0
23.194,knee_R_flex,97.6
23.305,knee_R_flex,98.7
23.409,knee_R_flex,100.4
23.515,knee_R_flex,99.3
23.624,knee_R_flex,101.5
23.733,knee_R_flex,102.4
23.843,knee_R_flex,98.7
23.952,knee_R_flex,99.1
24.071,knee_R_flex,101.8
24.178,knee_R_flex,104.8
24.285,knee_R_flex,101.6
24.396,knee_R_flex,180.0
24.508,knee_R_flex,180.0
24.618,knee_R_flex,180.0
24.729,knee_R_flex,0.0
24.838,knee_R_flex,180.0
24.955,knee_R_flex,180.0
25.059,knee_R_flex,180.0
25.170,knee_R_flex,180.0
25.281,knee_R_flex,180.0
25.389,knee_R_flex,180.0
25.498,knee_R_flex,180.0
25.607,knee_R_flex,180.0
25.714,knee_R_flex,180.0
25.830,knee_R_flex,180.0
25.937,knee_R_flex,180.0
26.044,knee_R_flex,180.0
26.152,knee_R_flex,0.0
26.261,knee_R_flex,0.0
26.367,knee_R_flex,0.0
26.477,knee_R_flex,0.0
26.586,knee_R_flex,180.0
26.722,knee_R_flex,180.0
26.827,knee_R_flex,180.0
26.937,knee_R_flex,180.0
27.042,knee_R_flex,0.0
27.152,knee_R_flex,0.0
27.259,knee_R_flex,180.0
27.366,knee_R_flex,180.0
27.473,knee_R_flex,180.0
27.588,knee_R_flex,180.0
27.696,knee_R_flex,180.0
27.803,knee_R_flex,180.0
27.911,knee_R_flex,180.0
28.023,knee_R_flex,180.0
28.137,knee_R_flex,180.0
28.247,knee_R_flex,180.0
28.352,knee_R_flex,180.0
28.464,knee_R_flex,180.0
28.574,knee_R_flex,180.0
28.677,knee_R_flex,180.0
28.788,knee_R_flex,180.0
28.896,knee_R_flex,180.0
29.005,knee_R_flex,180.0
29.114,knee_R_flex,180.0
29.221,knee_R_flex,180.0
29.335,knee_R_flex,180.0
29.446,knee_R_flex,180.0
29.550,knee_R_flex,180.0
29.658,knee_R_flex,180.0
29.769,knee_R_flex,180.0
29.874,knee_R_flex,180.0
29.985,knee_R_flex,0.0
30.093,knee_R_flex,0.0
30.206,knee_R_flex,180.0
30.316,knee_R_flex,180.0
30.422,knee_R_flex,180.0
30.528,knee_R_flex,180.0
30.642,knee_R_flex,0.0
30.749,knee_R_flex,180.0
30.859,knee_R_flex,180.0
30.968,knee_R_flex,180.0
31.087,knee_R_flex,0.0
31.199,knee_R_flex,180.0
31.308,knee_R_flex,180.0
31.419,knee_R_flex,180.0
31.529,knee_R_flex,180.0
31.637,knee_R_flex,0.0
31.745,knee_R_flex,180.0
31.853,knee_R_flex,180.0
31.980,knee_R_flex,180.0
32.085,knee_R_flex,0.0
32.194,knee_R_flex,180.0
32.302,knee_R_flex,180.0
32.406,knee_R_flex,0.0
32.516,knee_R_flex,0.0
32.619,knee_R_flex,0.0
32.731,knee_R_flex,180.0
32.841,knee_R_flex,180.0
32.956,knee_R_flex,180.0
33.062,knee_R_flex,180.0
33.168,knee_R_flex,180.0
33.297,knee_R_flex,180.0
33.423,knee_R_flex,180.0
33.555,knee_R_flex,180.0
33.683,knee_R_flex,180.0
33.798,knee_R_flex,180.0
33.923,knee_R_flex,149.5
34.034,knee_R_flex,180.0
34.150,knee_R_flex,180.0
34.273,knee_R_flex,180.0
34.388,knee_R_flex,136.5
34.495,knee_R_flex,131.9
34.605,knee_R_flex,146.1
34.717,knee_R_flex,150.0
34.839,knee_R_flex,133.7
34.951,knee_R_flex,29.3
35.064,knee_R_flex,36.6
35.174,knee_R_flex,159.1
10.978,shoulder_L_abd,83.5
11.095,shoulder_L_abd,84.2
11.232,shoulder_L_abd,85.7
11.336,shoulder_L_abd,85.5
11.438,shoulder_L_abd,88.8
11.540,shoulder_L_abd,86.5
11.642,shoulder_L_abd,86.8
11.747,shoulder_L_abd,86.9
11.848,shoulder_L_abd,92.7
11.955,shoulder_L_abd,91.9
12.063,shoulder_L_abd,91.0
12.181,shoulder_L_abd,92.8
12.295,shoulder_L_abd,93.1
12.399,shoulder_L_abd,93.2
12.500,shoulder_L_abd,89.8
12.616,shoulder_L_abd,89.1
12.725,shoulder_L_abd,88.0
12.826,shoulder_L_abd,90.5
12.928,shoulder_L_abd,88.7
13.042,shoulder_L_abd,86.8
13.145,shoulder_L_abd,85.0
13.249,shoulder_L_abd,85.5
13.354,shoulder_L_abd,87.6
13.455,shoulder_L_abd,88.2
13.595,shoulder_L_abd,89.1
13.721,shoulder_L_abd,94.7
13.820,shoulder_L_abd,100.4
13.922,shoulder_L_abd,99.9
14.026,shoulder_L_abd,97.1
14.125,shoulder_L_abd,98.1
14.217,shoulder_L_abd,98.6
14.302,shoulder_L_abd,98.6
14.386,shoulder_L_abd,96.1
14.470,shoulder_L_abd,97.1
14.556,shoulder_L_abd,102.0
14.642,shoulder_L_abd,104.9
14.725,shoulder_L_abd,103.3
14.814,shoulder_L_abd,94.2
14.898,shoulder_L_abd,91.4
14.984,shoulder_L_abd,82.0
15.070,shoulder_L_abd,65.5
15.157,shoulder_L_abd,55.1
15.240,shoulder_L_abd,54.2
15.325,shoulder_L_abd,54.9
15.409,shoulder_L_abd,68.2
15.492,shoulder_L_abd,66.2
15.576,shoulder_L_abd,55.3
15.659,shoulder_L_abd,49.3
15.743,shoulder_L_abd,32.4
15.822,shoulder_L_abd,35.5
15.917,shoulder_L_abd,35.2
16.017,shoulder_L_abd,32.6
16.113,shoulder_L_abd,31.5
16.213,shoulder_L_abd,28.5
16.316,shoulder_L_abd,11.5
16.420,shoulder_L_abd,28.8
16.529,shoulder_L_abd,37.7
16.642,shoulder_L_abd,37.3
16.749,shoulder_L_abd,61.2
16.889,shoulder_L_abd,81.8
17.069,shoulder_L_abd,119.2
17.249,shoulder_L_abd,180.0
17.348,shoulder_L_abd,180.0
17.453,shoulder_L_abd,124.9
17.941,shoulder_L_abd,25.6
18.053,shoulder_L_abd,24.4
18.158,shoulder_L_abd,18.3
18.263,shoulder_L_abd,16.6
18.371,shoulder_L_abd,15.9
18.479,shoulder_L_abd,15.9
18.583,shoulder_L_abd,16.0
18.687,shoulder_L_abd,15.6
18.792,shoulder_L_abd,15.4
18.900,shoulder_L_abd,15.1
19.008,shoulder_L_abd,14.3
19.115,shoulder_L_abd,14.0
19.221,shoulder_L_abd,11.7
19.327,shoulder_L_abd,12.9
19.434,shoulder_L_abd,13.6
19.539,shoulder_L_abd,14.5
19.645,shoulder_L_abd,13.7
19.750,shoulder_L_abd,14.0
19.858,shoulder_L_abd,14.1
19.964,shoulder_L_abd,14.7
20.067,shoulder_L_abd,11.6
20.172,shoulder_L_abd,12.3
20.276,shoulder_L_abd,14.2
20.382,shoulder_L_abd,17.2
20.491,shoulder_L_abd,17.2
20.601,shoulder_L_abd,23.7
20.709,shoulder_L_abd,19.7
20.814,shoulder_L_abd,14.9
20.923,shoulder_L_abd,12.9
21.027,shoulder_L_abd,12.9
21.134,shoulder_L_abd,12.1
21.242,shoulder_L_abd,12.1
21.346,shoulder_L_abd,12.6
21.464,shoulder_L_abd,16.4
21.572,shoulder_L_abd,13.3
21.682,shoulder_L_abd,14.4
21.792,shoulder_L_abd,14.2
21.900,shoulder_L_abd,14.1
22.005,shoulder_L_abd,18.0
22.114,shoulder_L_abd,19.3
22.220,shoulder_L_abd,19.3
22.331,shoulder_L_abd,15.8
22.441,shoulder_L_abd,13.4
22.546,shoulder_L_abd,12.9
22.650,shoulder_L_abd,14.4
22.756,shoulder_L_abd,12.5
22.865,shoulder_L_abd,13.7
22.974,shoulder_L_abd,16.7
23.080,shoulder_L_abd,17.9
23.194,shoulder_L_abd,19.6
23.305,shoulder_L_abd,18.3
23.409,shoulder_L_abd,17.5
23.515,shoulder_L_abd,15.8
23.624,shoulder_L_abd,16.1
23.733,shoulder_L_abd,16.9
23.843,shoulder_L_abd,20.5
23.952,shoulder_L_abd,23.6
24.071,shoulder_L_abd,24.1
24.178,shoulder_L_abd,24.3
24.285,shoulder_L_abd,25.4
24.396,shoulder_L_abd,24.7
24.508,shoulder_L_abd,27.0
24.618,shoulder_L_abd,28.6
24.729,shoulder_L_abd,30.0
24.838,shoulder_L_abd,30.8
24.955,shoulder_L_abd,29.6
25.059,shoulder_L_abd,26.8
25.170,shoulder_L_abd,26.8
25.281,shoulder_L_abd,26.3
25.389,shoulder_L_abd,26.1
25.498,shoulder_L_abd,23.1
25.607,shoulder_L_abd,24.2
25.714,shoulder_L_abd,23.5
25.830,shoulder_L_abd,24.4
25.937,shoulder_L_abd,26.4
26.044,shoulder_L_abd,26.5
26.152,shoulder_L_abd,26.4
26.261,shoulder_L_abd,26.0
26.367,shoulder_L_abd,26.4
26.477,shoulder_L_abd,27.6
26.586,shoulder_L_abd,25.5
26.722,shoulder_L_abd,26.2
26.827,shoulder_L_abd,25.5
26.937,shoulder_L_abd,27.2
27.042,shoulder_L_abd,31.0
27.152,shoulder_L_abd,29.6
27.259,shoulder_L_abd,28.0
27.366,shoulder_L_abd,26.0
27.473,shoulder_L_abd,23.6
27.588,shoulder_L_abd,21.6
27.696,shoulder_L_abd,24.2
27.803,shoulder_L_abd,24.1
27.911,shoulder_L_abd,23.5
28.023,shoulder_L_abd,24.2
28.137,shoulder_L_abd,23.7
28.247,shoulder_L_abd,23.4
28.352,shoulder_L_abd,23.7
28.464,shoulder_L_abd,24.1
28.574,shoulder_L_abd,25.1
28.677,shoulder_L_abd,25.8
28.788,shoulder_L_abd,27.5
28.896,shoulder_L_abd,29.6
29.005,shoulder_L_abd,31.0
29.114,shoulder_L_abd,33.0
29.221,shoulder_L_abd,33.6
29.335,shoulder_L_abd,32.8
29.446,shoulder_L_abd,31.7
29.550,shoulder_L_abd,30.9
29.658,shoulder_L_abd,28.0
29.769,shoulder_L_abd,32.1
29.874,shoulder_L_abd,28.0
29.985,shoulder_L_abd,26.4
30.093,shoulder_L_abd,24.6
30.206,shoulder_L_abd,24.2
30.316,shoulder_L_abd,24.7
30.422,shoulder_L_abd,24.1
30.528,shoulder_L_abd,28.5
30.642,shoulder_L_abd,29.3
30.749,shoulder_L_abd,29.3
30.859,shoulder_L_abd,29.9
30.968,shoulder_L_abd,31.4
31.087,shoulder_L_abd,33.2
31.199,shoulder_L_abd,32.7
31.308,shoulder_L_abd,31.7
31.419,shoulder_L_abd,31.0
31.529,shoulder_L_abd,31.5
31.637,shoulder_L_abd,31.5
31.745,shoulder_L_abd,32.0
31.853,shoulder_L_abd,28.5
31.980,shoulder_L_abd,26.6
32.085,shoulder_L_abd,29.7
32.194,shoulder_L_abd,27.9
32.302,shoulder_L_abd,29.5
32.406,shoulder_L_abd,28.4
32.516,shoulder_L_abd,27.4
32.619,shoulder_L_abd,27.3
32.731,shoulder_L_abd,27.3
32.841,shoulder_L_abd,27.0
32.956,shoulder_L_abd,26.4
33.062,shoulder_L_abd,26.9
33.168,shoulder_L_abd,27.8
33.297,shoulder_L_abd,28.1
33.423,shoulder_L_abd,29.2
33.555,shoulder_L_abd,29.4
33.683,shoulder_L_abd,29.2
33.798,shoulder_L_abd,30.2
33.923,shoulder_L_abd,30.9
34.034,shoulder_L_abd,28.2
34.150,shoulder_L_abd,30.3
34.273,shoulder_L_abd,30.1
34.388,shoulder_L_abd,30.1
34.495,shoulder_L_abd,29.3
34.605,shoulder_L_abd,29.1
34.717,shoulder_L_abd,29.0
34.839,shoulder_L_abd,27.3
34.951,shoulder_L_abd,27.6
35.064,shoulder_L_abd,26.7
35.174,shoulder_L_abd,25.3
10.978,shoulder_R_abd,82.5
11.095,shoulder_R_abd,86.3
11.232,shoulder_R_abd,86.8
11.336,shoulder_R_abd,86.9
11.438,shoulder_R_abd,87.0
11.540,shoulder_R_abd,89.5
11.642,shoulder_R_abd,92.4
11.747,shoulder_R_abd,92.3
11.848,shoulder_R_abd,95.3
11.955,shoulder_R_abd,95.1
12.063,shoulder_R_abd,96.7
12.181,shoulder_R_abd,97.3
12.295,shoulder_R_abd,97.7
12.399,shoulder_R_abd,97.9
12.500,shoulder_R_abd,98.6
12.616,shoulder_R_abd,99.1
12.725,shoulder_R_abd,101.0
12.826,shoulder_R_abd,104.1
12.928,shoulder_R_abd,100.7
13.042,shoulder_R_abd,100.6
13.145,shoulder_R_abd,100.2
13.249,shoulder_R_abd,100.8
13.354,shoulder_R_abd,101.5
13.455,shoulder_R_abd,100.7
13.595,shoulder_R_abd,100.1
13.721,shoulder_R_abd,96.6
13.820,shoulder_R_abd,96.0
13.922,shoulder_R_abd,95.9
14.026,shoulder_R_abd,92.4
14.125,shoulder_R_abd,96.2
14.217,shoulder_R_abd,99.5
14.302,shoulder_R_abd,101.2
14.386,shoulder_R_abd,102.0
14.470,shoulder_R_abd,103.6
14.556,shoulder_R_abd,104.8
14.642,shoulder_R_abd,104.8
14.725,shoulder_R_abd,102.2
14.814,shoulder_R_abd,94.0
14.898,shoulder_R_abd,89.8
14.984,shoulder_R_abd,78.2
15.070,shoulder_R_abd,68.1
15.157,shoulder_R_abd,59.6
15.240,shoulder_R_abd,65.4
15.325,shoulder_R_abd,77.8
15.409,shoulder_R_abd,63.4
15.492,shoulder_R_abd,45.7
15.576,shoulder_R_abd,45.4
15.659,shoulder_R_abd,44.4
15.743,shoulder_R_abd,35.8
15.822,shoulder_R_abd,30.5
15.917,shoulder_R_abd,24.3
16.017,shoulder_R_abd,20.6
16.113,shoulder_R_abd,17.5
16.213,shoulder_R_abd,12.7
16.316,shoulder_R_abd,20.5
16.420,shoulder_R_abd,26.7
16.529,shoulder_R_abd,18.2
16.642,shoulder_R_abd,20.5
16.749,shoulder_R_abd,60.4
16.889,shoulder_R_abd,13.2
17.069,shoulder_R_abd,0.3
17.249,shoulder_R_abd,48.4
17.348,shoulder_R_abd,21.5
17.453,shoulder_R_abd,1.6
17.941,shoulder_R_abd,18.8
18.053,shoulder_R_abd,16.9
18.158,shoulder_R_abd,18.9
18.263,shoulder_R_abd,20.8
18.371,shoulder_R_abd,20.4
18.479,shoulder_R_abd,19.8
18.583,shoulder_R_abd,20.5
18.687,shoulder_R_abd,19.5
18.792,shoulder_R_abd,18.2
18.900,shoulder_R_abd,16.3
19.008,shoulder_R_abd,15.8
19.115,shoulder_R_abd,15.7
19.221,shoulder_R_abd,15.1
19.327,shoulder_R_abd,15.3
19.434,shoulder_R_abd,16.2
19.539,shoulder_R_abd,16.2
19.645,shoulder_R_abd,16.1
19.750,shoulder_R_abd,15.9
19.858,shoulder_R_abd,16.5
19.964,shoulder_R_abd,17.7
20.067,shoulder_R_abd,18.8
20.172,shoulder_R_abd,21.6
20.276,shoulder_R_abd,25.5
20.382,shoulder_R_abd,35.6
20.491,shoulder_R_abd,52.3
20.601,shoulder_R_abd,54.5
20.709,shoulder_R_abd,77.6
20.814,shoulder_R_abd,124.7
20.923,shoulder_R_abd,109.6
21.027,shoulder_R_abd,63.6
21.134,shoulder_R_abd,91.3
21.242,shoulder_R_abd,73.4
21.346,shoulder_R_abd,54.1
21.464,shoulder_R_abd,75.7
21.572,shoulder_R_abd,119.5
21.682,shoulder_R_abd,120.9
21.792,shoulder_R_abd,101.6
21.900,shoulder_R_abd,128.3
22.005,shoulder_R_abd,121.6
22.114,shoulder_R_abd,123.1
22.220,shoulder_R_abd,113.3
22.331,shoulder_R_abd,108.7
22.441,shoulder_R_abd,83.0
22.546,shoulder_R_abd,86.8
22.650,shoulder_R_abd,81.7
22.756,shoulder_R_abd,63.4
22.865,shoulder_R_abd,44.0
22.974,shoulder_R_abd,30.2
23.080,shoulder_R_abd,26.1
23.194,shoulder_R_abd,30.0
23.305,shoulder_R_abd,31.1
23.409,shoulder_R_abd,30.2
23.515,shoulder_R_abd,29.1
23.624,shoulder_R_abd,25.1
23.733,shoulder_R_abd,23.8
23.843,shoulder_R_abd,22.9
23.952,shoulder_R_abd,22.4
24.071,shoulder_R_abd,24.1
24.178,shoulder_R_abd,25.4
24.285,shoulder_R_abd,26.3
24.396,shoulder_R_abd,27.3
24.508,shoulder_R_abd,27.0
24.618,shoulder_R_abd,26.3
24.729,shoulder_R_abd,28.7
24.838,shoulder_R_abd,27.3
24.955,shoulder_R_abd,25.2
25.059,shoulder_R_abd,19.8
25.170,shoulder_R_abd,22.5
25.281,shoulder_R_abd,22.6
25.389,shoulder_R_abd,22.0
25.498,shoulder_R_abd,16.6
25.607,shoulder_R_abd,19.3
25.714,shoulder_R_abd,17.9
25.830,shoulder_R_abd,20.6
25.937,shoulder_R_abd,22.0
26.044,shoulder_R_abd,20.8
26.152,shoulder_R_abd,20.1
26.261,shoulder_R_abd,19.4
26.367,shoulder_R_abd,19.9
26.477,shoulder_R_abd,19.3
26.586,shoulder_R_abd,21.5
26.722,shoulder_R_abd,21.4
26.827,shoulder_R_abd,18.4
26.937,shoulder_R_abd,17.4
27.042,shoulder_R_abd,13.4
27.152,shoulder_R_abd,12.7
27.259,shoulder_R_abd,12.0
27.366,shoulder_R_abd,12.9
27.473,shoulder_R_abd,13.2
27.588,shoulder_R_abd,13.6
27.696,shoulder_R_abd,14.5
27.803,shoulder_R_abd,11.9
27.911,shoulder_R_abd,13.4
28.023,shoulder_R_abd,13.7
28.137,shoulder_R_abd,18.9
28.247,shoulder_R_abd,18.1
28.352,shoulder_R_abd,16.4
28.464,shoulder_R_abd,15.9
28.574,shoulder_R_abd,18.8
28.677,shoulder_R_abd,20.3
28.788,shoulder_R_abd,21.6
28.896,shoulder_R_abd,22.2
29.005,shoulder_R_abd,20.2
29.114,shoulder_R_abd,21.2
29.221,shoulder_R_abd,22.0
29.335,shoulder_R_abd,21.3
29.446,shoulder_R_abd,18.5
29.550,shoulder_R_abd,20.6
29.658,shoulder_R_abd,18.5
29.769,shoulder_R_abd,17.5
29.874,shoulder_R_abd,15.6
29.985,shoulder_R_abd,13.4
30.093,shoulder_R_abd,14.6
30.206,shoulder_R_abd,15.4
30.316,shoulder_R_abd,19.4
30.422,shoulder_R_abd,18.0
30.528,shoulder_R_abd,22.2
30.642,shoulder_R_abd,22.6
30.749,shoulder_R_abd,21.2
30.859,shoulder_R_abd,19.5
30.968,shoulder_R_abd,21.3
31.087,shoulder_R_abd,21.3
31.199,shoulder_R_abd,21.7
31.308,shoulder_R_abd,21.1
31.419,shoulder_R_abd,18.2
31.529,shoulder_R_abd,18.9
31.637,shoulder_R_abd,19.5
31.745,shoulder_R_abd,19.8
31.853,shoulder_R_abd,15.9
31.980,shoulder_R_abd,15.5
32.085,shoulder_R_abd,18.7
32.194,shoulder_R_abd,19.2
32.302,shoulder_R_abd,19.7
32.406,shoulder_R_abd,14.1
32.516,shoulder_R_abd,13.0
32.619,shoulder_R_abd,24.2
32.731,shoulder_R_abd,26.1
32.841,shoulder_R_abd,29.3
32.956,shoulder_R_abd,30.1
33.062,shoulder_R_abd,30.9
33.168,shoulder_R_abd,30.4
33.297,shoulder_R_abd,32.1
33.423,shoulder_R_abd,34.7
33.555,shoulder_R_abd,34.3
33.683,shoulder_R_abd,35.3
33.798,shoulder_R_abd,34.8
33.923,shoulder_R_abd,34.7
34.034,shoulder_R_abd,34.8
34.150,shoulder_R_abd,34.5
34.273,shoulder_R_abd,34.0
34.388,shoulder_R_abd,32.9
34.495,shoulder_R_abd,32.7
34.605,shoulder_R_abd,32.5
34.717,shoulder_R_abd,32.4
34.839,shoulder_R_abd,32.6
34.951,shoulder_R_abd,33.4
35.064,shoulder_R_abd,33.5
35.174,shoulder_R_abd,33.7
10.978,neck_flex,5.2
11.095,neck_flex,5.7
11.232,neck_flex,5.2
11.336,neck_flex,5.3
11.438,neck_flex,4.0
11.540,neck_flex,5.4
11.642,neck_flex,4.6
11.747,neck_flex,3.8
11.848,neck_flex,1.2
11.955,neck_flex,2.3
12.063,neck_flex,2.5
12.181,neck_flex,1.4
12.295,neck_flex,1.5
12.399,neck_flex,4.6
12.500,neck_flex,7.8
12.616,neck_flex,8.5
12.725,neck_flex,9.5
12.826,neck_flex,8.3
12.928,neck_flex,7.8
13.042,neck_flex,7.9
13.145,neck_flex,9.7
13.249,neck_flex,8.4
13.354,neck_flex,8.2
13.455,neck_flex,7.7
13.595,neck_flex,6.6
13.721,neck_flex,4.5
13.820,neck_flex,4.9
13.922,neck_flex,6.4
14.026,neck_flex,7.2
14.125,neck_flex,8.3
14.217,neck_flex,8.4
14.302,neck_flex,10.7
14.386,neck_flex,12.7
14.470,neck_flex,13.2
14.556,neck_flex,13.2
14.642,neck_flex,11.1
14.725,neck_flex,10.8
14.814,neck_flex,9.2
14.898,neck_flex,4.7
14.984,neck_flex,1.9
15.070,neck_flex,4.2
15.157,neck_flex,8.2
15.240,neck_flex,8.7
15.325,neck_flex,14.5
15.409,neck_flex,9.2
15.492,neck_flex,3.9
15.576,neck_flex,10.1
15.659,neck_flex,4.2
15.743,neck_flex,1.9
15.822,neck_flex,10.2
15.917,neck_flex,11.5
16.017,neck_flex,15.4
16.113,neck_flex,12.7
16.213,neck_flex,10.0
16.316,neck_flex,7.0
16.420,neck_flex,12.6
16.529,neck_flex,0.6
16.642,neck_flex,3.9
16.749,neck_flex,38.5
16.889,neck_flex,29.4
17.069,neck_flex,28.5
17.249,neck_flex,18.2
17.348,neck_flex,105.6
17.453,neck_flex,34.8
17.941,neck_flex,3.0
18.053,neck_flex,3.5
18.158,neck_flex,3.0
18.263,neck_flex,0.6
18.371,neck_flex,0.6
18.479,neck_flex,0.8
18.583,neck_flex,0.4
18.687,neck_flex,2.6
18.792,neck_flex,3.0
18.900,neck_flex,4.4
19.008,neck_flex,1.9
19.115,neck_flex,2.2
19.221,neck_flex,0.9
19.327,neck_flex,1.5
19.434,neck_flex,2.1
19.539,neck_flex,1.8
19.645,neck_flex,0.8
19.750,neck_flex,1.4
19.858,neck_flex,2.3
19.964,neck_flex,2.8
20.067,neck_flex,2.1
20.172,neck_flex,2.4
20.276,neck_flex,2.6
20.382,neck_flex,1.8
20.491,neck_flex,2.2
20.601,neck_flex,1.6
20.709,neck_flex,2.3
20.814,neck_flex,0.5
20.923,neck_flex,0.8
21.027,neck_flex,2.1
21.134,neck_flex,2.8
21.242,neck_flex,4.3
21.346,neck_flex,4.0
21.464,neck_flex,3.8
21.572,neck_flex,3.2
21.682,neck_flex,2.3
21.792,neck_flex,2.6
21.900,neck_flex,2.3
22.005,neck_flex,2.0
22.114,neck_flex,3.0
22.220,neck_flex,3.3
22.331,neck_flex,5.3
22.441,neck_flex,3.5
22.546,neck_flex,1.3
22.650,neck_flex,1.9
22.756,neck_flex,1.7
22.865,neck_flex,1.0
22.974,neck_flex,1.2
23.080,neck_flex,2.3
23.194,neck_flex,2.4
23.305,neck_flex,0.4
23.409,neck_flex,3.6
23.515,neck_flex,9.4
23.624,neck_flex,11.5
23.733,neck_flex,14.6
23.843,neck_flex,16.2
23.952,neck_flex,15.7
24.071,neck_flex,19.1
24.178,neck_flex,20.7
24.285,neck_flex,28.7
24.396,neck_flex,37.2
24.508,neck_flex,33.4
24.618,neck_flex,29.2
24.729,neck_flex,25.6
24.838,neck_flex,23.9
24.955,neck_flex,24.5
25.059,neck_flex,25.7
25.170,neck_flex,32.3
25.281,neck_flex,36.0
25.389,neck_flex,25.5
25.498,neck_flex,27.0
25.607,neck_flex,28.5
25.714,neck_flex,37.3
25.830,neck_flex,29.4
25.937,neck_flex,22.0
26.044,neck_flex,27.3
26.152,neck_flex,32.8
26.261,neck_flex,39.4
26.367,neck_flex,34.4
26.477,neck_flex,29.5
26.586,neck_flex,21.8
26.722,neck_flex,23.9
26.827,neck_flex,22.3
26.937,neck_flex,23.4
27.042,neck_flex,23.2
27.152,neck_flex,24.1
27.259,neck_flex,23.0
27.366,neck_flex,24.1
27.473,neck_flex,25.0
27.588,neck_flex,28.4
27.696,neck_flex,25.1
27.803,neck_flex,23.4
27.911,neck_flex,25.6
28.023,neck_flex,27.1
28.137,neck_flex,29.1
28.247,neck_flex,28.9
28.352,neck_flex,30.0
28.464,neck_flex,31.8
28.574,neck_flex,29.8
28.677,neck_flex,29.8
28.788,neck_flex,26.0
28.896,neck_flex,21.8
29.005,neck_flex,24.1
29.114,neck_flex,22.7
29.221,neck_flex,23.4
29.335,neck_flex,24.4
29.446,neck_flex,26.5
29.550,neck_flex,27.3
29.658,neck_flex,33.4
29.769,neck_flex,27.2
29.874,neck_flex,32.1
29.985,neck_flex,31.9
30.093,neck_flex,32.4
30.206,neck_flex,28.5
30.316,neck_flex,28.1
30.422,neck_flex,19.1
30.528,neck_flex,17.1
30.642,neck_flex,14.8
30.749,neck_flex,15.9
30.859,neck_flex,14.3
30.968,neck_flex,18.1
31.087,neck_flex,22.8
31.199,neck_flex,22.5
31.308,neck_flex,21.9
31.419,neck_flex,25.2
31.529,neck_flex,20.4
31.637,neck_flex,20.9
31.745,neck_flex,20.5
31.853,neck_flex,16.8
31.980,neck_flex,22.2
32.085,neck_flex,21.3
32.194,neck_flex,14.1
32.302,neck_flex,15.3
32.406,neck_flex,20.9
32.516,neck_flex,26.3
32.619,neck_flex,29.2
32.731,neck_flex,29.6
32.841,neck_flex,27.7
32.956,neck_flex,23.8
33.062,neck_flex,24.5
33.168,neck_flex,24.3
33.297,neck_flex,23.6
33.423,neck_flex,24.8
33.555,neck_flex,24.2
33.683,neck_flex,22.5
33.798,neck_flex,25.5
33.923,neck_flex,22.2
34.034,neck_flex,24.3
34.150,neck_flex,24.5
34.273,neck_flex,24.5
34.388,neck_flex,22.0
34.495,neck_flex,21.9
34.605,neck_flex,21.8
34.717,neck_flex,22.7
34.839,neck_flex,24.1
34.951,neck_flex,29.8
35.064,neck_flex,30.8
35.174,neck_flex,29.7
10.978,trunk_tilt,177.8
11.095,trunk_tilt,178.3
11.232,trunk_tilt,178.0
11.336,trunk_tilt,178.1
11.438,trunk_tilt,177.4
11.540,trunk_tilt,178.7
11.642,trunk_tilt,179.5
11.747,trunk_tilt,179.5
11.848,trunk_tilt,178.4
11.955,trunk_tilt,179.2
12.063,trunk_tilt,179.5
12.181,trunk_tilt,178.5
12.295,trunk_tilt,178.6
12.399,trunk_tilt,178.9
12.500,trunk_tilt,175.9
12.616,trunk_tilt,175.4
12.725,trunk_tilt,174.9
12.826,trunk_tilt,176.8
12.928,trunk_tilt,177.2
13.042,trunk_tilt,177.4
13.145,trunk_tilt,176.0
13.249,trunk_tilt,177.5
13.354,trunk_tilt,178.1
13.455,trunk_tilt,179.7
13.595,trunk_tilt,179.2
13.721,trunk_tilt,174.9
13.820,trunk_tilt,174.7
13.922,trunk_tilt,175.5
14.026,trunk_tilt,175.8
14.125,trunk_tilt,176.7
14.217,trunk_tilt,177.2
14.302,trunk_tilt,179.2
14.386,trunk_tilt,179.6
14.470,trunk_tilt,180.0
14.556,trunk_tilt,179.8
14.642,trunk_tilt,178.9
14.725,trunk_tilt,179.7
14.814,trunk_tilt,179.7
14.898,trunk_tilt,178.7
14.984,trunk_tilt,179.6
15.070,trunk_tilt,177.5
15.157,trunk_tilt,174.4
15.240,trunk_tilt,174.7
15.325,trunk_tilt,171.9
15.409,trunk_tilt,177.3
15.492,trunk_tilt,179.1
15.576,trunk_tilt,179.8
15.659,trunk_tilt,176.5
15.743,trunk_tilt,175.4
15.822,trunk_tilt,174.5
15.917,trunk_tilt,175.8
16.017,trunk_tilt,178.4
16.113,trunk_tilt,178.5
16.213,trunk_tilt,179.6
16.316,trunk_tilt,177.9
16.420,trunk_tilt,178.8
16.529,trunk_tilt,177.9
16.642,trunk_tilt,176.8
16.749,trunk_tilt,178.0
16.889,trunk_tilt,176.4
17.069,trunk_tilt,174.5
17.249,trunk_tilt,179.4
17.348,trunk_tilt,90.0
17.453,trunk_tilt,166.0
17.941,trunk_tilt,179.0
18.053,trunk_tilt,178.7
18.158,trunk_tilt,179.0
18.263,trunk_tilt,178.7
18.371,trunk_tilt,178.0
18.479,trunk_tilt,178.0
18.583,trunk_tilt,177.9
18.687,trunk_tilt,177.8
18.792,trunk_tilt,177.6
18.900,trunk_tilt,177.3
19.008,trunk_tilt,178.0
19.115,trunk_tilt,178.8
19.221,trunk_tilt,179.1
19.327,trunk_tilt,178.9
19.434,trunk_tilt,178.8
19.539,trunk_tilt,178.8
19.645,trunk_tilt,179.1
19.750,trunk_tilt,179.1
19.858,trunk_tilt,178.7
19.964,trunk_tilt,178.6
20.067,trunk_tilt,178.8
20.172,trunk_tilt,178.6
20.276,trunk_tilt,178.6
20.382,trunk_tilt,178.5
20.491,trunk_tilt,179.0
20.601,trunk_tilt,179.2
20.709,trunk_tilt,178.6
20.814,trunk_tilt,178.8
20.923,trunk_tilt,178.7
21.027,trunk_tilt,178.4
21.134,trunk_tilt,178.3
21.242,trunk_tilt,178.2
21.346,trunk_tilt,178.3
21.464,trunk_tilt,178.4
21.572,trunk_tilt,178.2
21.682,trunk_tilt,178.4
21.792,trunk_tilt,178.3
21.900,trunk_tilt,178.3
22.005,trunk_tilt,178.3
22.114,trunk_tilt,178.3
22.220,trunk_tilt,178.4
22.331,trunk_tilt,178.4
22.441,trunk_tilt,178.6
22.546,trunk_tilt,178.9
22.650,trunk_tilt,178.5
22.756,trunk_tilt,178.6
22.865,trunk_tilt,178.5
22.974,trunk_tilt,178.2
23.080,trunk_tilt,177.6
23.194,trunk_tilt,176.8
23.305,trunk_tilt,176.2
23.409,trunk_tilt,175.7
23.515,trunk_tilt,174.7
23.624,trunk_tilt,174.1
23.733,trunk_tilt,174.2
23.843,trunk_tilt,174.9
23.952,trunk_tilt,175.6
24.071,trunk_tilt,176.1
24.178,trunk_tilt,176.8
24.285,trunk_tilt,177.6
24.396,trunk_tilt,178.4
24.508,trunk_tilt,178.0
24.618,trunk_tilt,177.9
24.729,trunk_tilt,179.1
24.838,trunk_tilt,180.0
24.955,trunk_tilt,179.1
25.059,trunk_tilt,179.1
25.170,trunk_tilt,178.8
25.281,trunk_tilt,179.7
25.389,trunk_tilt,179.8
25.498,trunk_tilt,179.6
25.607,trunk_tilt,179.3
25.714,trunk_tilt,179.0
25.830,trunk_tilt,179.5
25.937,trunk_tilt,179.0
26.044,trunk_tilt,178.8
26.152,trunk_tilt,177.8
26.261,trunk_tilt,177.9
26.367,trunk_tilt,177.4
26.477,trunk_tilt,177.6
26.586,trunk_tilt,178.9
26.722,trunk_tilt,178.8
26.827,trunk_tilt,179.0
26.937,trunk_tilt,178.9
27.042,trunk_tilt,179.7
27.152,trunk_tilt,179.4
27.259,trunk_tilt,179.7
27.366,trunk_tilt,179.8
27.473,trunk_tilt,179.9
27.588,trunk_tilt,179.7
27.696,trunk_tilt,179.6
27.803,trunk_tilt,179.7
27.911,trunk_tilt,179.7
28.023,trunk_tilt,179.4
28.137,trunk_tilt,179.5
28.247,trunk_tilt,179.5
28.352,trunk_tilt,179.5
28.464,trunk_tilt,178.9
28.574,trunk_tilt,179.2
28.677,trunk_tilt,178.9
28.788,trunk_tilt,179.0
28.896,trunk_tilt,178.6
29.005,trunk_tilt,178.7
29.114,trunk_tilt,178.8
29.221,trunk_tilt,178.7
29.335,trunk_tilt,178.4
29.446,trunk_tilt,178.6
29.550,trunk_tilt,179.1
29.658,trunk_tilt,179.2
29.769,trunk_tilt,178.9
29.874,trunk_tilt,180.0
29.985,trunk_tilt,179.8
30.093,trunk_tilt,179.7
30.206,trunk_tilt,179.9
30.316,trunk_tilt,178.4
30.422,trunk_tilt,179.2
30.528,trunk_tilt,177.4
30.642,trunk_tilt,177.5
30.749,trunk_tilt,177.7
30.859,trunk_tilt,177.5
30.968,trunk_tilt,177.3
31.087,trunk_tilt,176.4
31.199,trunk_tilt,176.8
31.308,trunk_tilt,176.3
31.419,trunk_tilt,177.0
31.529,trunk_tilt,176.4
31.637,trunk_tilt,176.1
31.745,trunk_tilt,176.1
31.853,trunk_tilt,176.9
31.980,trunk_tilt,176.5
32.085,trunk_tilt,176.0
32.194,trunk_tilt,178.1
32.302,trunk_tilt,177.9
32.406,trunk_tilt,176.1
32.516,trunk_tilt,175.2
32.619,trunk_tilt,175.9
32.731,trunk_tilt,175.9
32.841,trunk_tilt,175.9
32.956,trunk_tilt,176.0
33.062,trunk_tilt,176.1
33.168,trunk_tilt,176.1
33.297,trunk_tilt,176.5
33.423,trunk_tilt,176.7
33.555,trunk_tilt,177.0
33.683,trunk_tilt,177.3
33.798,trunk_tilt,176.7
33.923,trunk_tilt,176.2
34.034,trunk_tilt,177.2
34.150,trunk_tilt,177.2
34.273,trunk_tilt,177.3
34.388,trunk_tilt,177.5
34.495,trunk_tilt,177.7
34.605,trunk_tilt,177.7
34.717,trunk_tilt,177.4
34.839,trunk_tilt,177.7
34.951,trunk_tilt,177.8
35.064,trunk_tilt,177.3
35.174,trunk_tilt,177.2
